<?xml version="1.0" encoding="UTF-8"?>
<project-private xmlns="http://www.netbeans.org/ns/project-private/1">
    <editor-bookmarks xmlns="http://www.netbeans.org/ns/editor-bookmarks/2" lastBookmarkId="0"/>
    <open-files xmlns="http://www.netbeans.org/ns/projectui-open-files/2">
        <group>
            <file>file:/C:/Users/ASUS/Documents/NetBeansProjects/INSURENCE2/src/adminlog.java</file>
            <file>file:/C:/Users/ASUS/Documents/NetBeansProjects/INSURENCE2/src/adminlogin.jpeg</file>
            <file>file:/C:/Users/ASUS/Documents/NetBeansProjects/INSURENCE2/src/project/ConnectionProvider.java</file>
            <file>file:/C:/Users/ASUS/Documents/NetBeansProjects/INSURENCE2/src/ALL_INSUR.java</file>
            <file>file:/C:/Users/ASUS/Documents/NetBeansProjects/INSURENCE2/src/customer_report.java</file>
            <file>file:/C:/Users/ASUS/Documents/NetBeansProjects/INSURENCE2/src/customer_policy.java</file>
            <file>file:/C:/Users/ASUS/Documents/NetBeansProjects/INSURENCE2/src/ADD_CUSTOMER.java</file>
            <file>file:/C:/Users/ASUS/Documents/NetBeansProjects/INSURENCE2/src/customerpolicyreport.java</file>
            <file>file:/C:/Users/ASUS/Documents/NetBeansProjects/INSURENCE2/src/add_catogory.java</file>
            <file>file:/C:/Users/ASUS/Documents/NetBeansProjects/INSURENCE2/src/ADD_POLICY.java</file>
            <file>file:/C:/Users/ASUS/Documents/NetBeansProjects/INSURENCE2/src/adminpage.java</file>
            <file>file:/C:/Users/ASUS/Documents/NetBeansProjects/INSURENCE2/src/categoryreport.java</file>
            <file>file:/C:/Users/ASUS/Documents/NetBeansProjects/INSURENCE2/src/HOME.java</file>
        </group>
    </open-files>
</project-private>
